,level_0,index,Station,Code,Lat,Lon,Postcode,Arts & Entertainment,College & University,Food,Nightlife Spot,Outdoors & Recreation,Professional & Other Places,Shop & Service,Travel & Transport,Population,StationVenues
0,0,0,Amsterdam Sloterdijk,NLAAC,52.389025,4.8381110000000005,1043,6.0,11.0,35.0,10.0,19.0,88.0,22.0,43.0,0.045,18
1,1,1,Amsterdam Lelylaan,NLAAF,52.357886,4.833913,1062,3.0,8.0,31.0,5.0,19.0,49.0,32.0,21.0,8.28,6
2,2,2,Amsterdam Amstel,NLABK,52.346443,4.917593,1097,3.0,16.0,65.0,16.0,32.0,60.0,51.0,27.0,12.66,13
3,3,3,Abcoude,NLACD,52.278673,4.976994,1391,3.0,3.0,4.0,6.0,6.0,9.0,4.0,4.0,7.48,3
4,4,4,Almelo de Riet,NLADR,52.342218,6.6664,7606,5.0,7.0,8.0,2.0,5.0,8.0,12.0,6.0,7.27,2
5,5,5,Arnhem Centraal,NLAHM,51.98478,5.901004,6811,30.0,10.0,87.0,39.0,24.0,55.0,108.0,27.0,4.875,16
6,6,6,Amsterdam Holendrecht,NLAHO,52.298108,4.960031,1106,6.0,17.0,16.0,5.0,4.0,57.0,14.0,9.0,18.355,2
7,7,7,Arnhem Presikhaaf,NLAHP,51.98789,5.9433169999999995,6824,2.0,16.0,14.0,5.0,14.0,24.0,29.0,12.0,9.705,2
8,8,8,Arnhem Velperpoort,NLAHV,51.985175,5.919837,6824,8.0,6.0,66.0,22.0,20.0,44.0,94.0,19.0,9.705,12
9,9,9,Arnhem Zuid,NLAHZ,51.954837,5.851923,6843,4.0,5.0,6.0,6.0,8.0,23.0,17.0,8.0,11.225,0
10,10,10,Arkel,NLAKL,51.871965,4.992662,4241,1.0,1.0,6.0,1.0,0.0,2.0,8.0,6.0,3.345,0
11,11,11,Akkrum,NLAKM,53.047134,5.843365,8491,0.0,4.0,5.0,2.0,3.0,6.0,5.0,6.0,3.44,0
12,12,12,Almere Parkwijk,NLALP,52.376862,5.2449449999999995,1318,1.0,3.0,7.0,3.0,8.0,20.0,8.0,4.0,9.585,10
13,13,13,Almere Buiten,NLAMB,52.394175,5.2779620000000005,1334,10.0,6.0,22.0,6.0,5.0,26.0,42.0,6.0,1.475,32
14,14,14,Almere Centrum,NLAMC,52.375244,5.218768,1313,7.0,4.0,57.0,13.0,24.0,75.0,103.0,19.0,4.495,31
15,15,15,Amersfoort,NLAMF,52.153642,5.373239,3818,13.0,11.0,59.0,11.0,14.0,71.0,69.0,27.0,10.015,17
16,16,16,Almelo,NLAML,52.357284,6.654813000000001,7604,4.0,32.0,39.0,8.0,5.0,31.0,67.0,10.0,6.72,5
17,17,17,Almere Muziekwijk,NLAMM,52.36772,5.190596,1323,5.0,6.0,11.0,4.0,8.0,29.0,17.0,10.0,6.525,14
18,18,18,Alkmaar Noord,NLAMN,52.643769999999996,4.763923,1824,1.0,2.0,8.0,1.0,8.0,19.0,6.0,7.0,7.42,5
19,19,19,Almere Oostvaarders,NLAMO,52.403219,5.30021,1335,4.0,3.0,10.0,3.0,5.0,19.0,5.0,7.0,12.205,2
20,20,20,Amsterdam Muiderpoort,NLAMP,52.360735999999996,4.931365,1093,15.0,15.0,112.0,40.0,38.0,54.0,83.0,43.0,8.26,15
21,21,21,Alkmaar,NLAMR,52.637792000000005,4.74011,1815,14.0,6.0,47.0,13.0,12.0,51.0,67.0,14.0,7.02,14
22,22,22,Amersfoort Schothorst,NLAMS,52.174875,5.4038379999999995,3813,3.0,11.0,9.0,3.0,9.0,42.0,17.0,10.0,15.065,1
23,23,23,Amersfoort Vathorst,NLAMV,52.192287,5.433314,3829,4.0,6.0,14.0,4.0,10.0,21.0,24.0,5.0,4.225,2
24,24,24,Arnemuiden,NLANM,51.501628000000004,3.669001,4341,3.0,0.0,4.0,4.0,4.0,4.0,4.0,4.0,5.43,1
25,25,25,Anna Paulowna,NLANP,52.867601,4.811215,1761,1.0,0.0,2.0,3.0,6.0,3.0,11.0,2.0,8.14,5
26,26,26,Apeldoorn,NLAPD,52.209429,5.967489,7311,6.0,7.0,58.0,13.0,8.0,44.0,74.0,14.0,9.245,10
27,27,27,Appingedam,NLAPG,53.325818000000005,6.862374000000001,9901,2.0,2.0,10.0,5.0,3.0,7.0,12.0,4.0,4.115,1
28,28,28,Apeldoorn De Maten,NLAPM,52.205357,6.000479,7325,3.0,2.0,7.0,2.0,6.0,12.0,11.0,3.0,12.885,1
29,29,29,Apeldoorn Osseveld,NLAPO,52.215713,6.006061,7325,3.0,5.0,9.0,3.0,8.0,12.0,12.0,8.0,12.885,9
30,30,30,Alphen a/d Rijn,NLAPR,52.124202000000004,4.657687999999999,2405,7.0,5.0,42.0,7.0,14.0,45.0,69.0,9.0,7.665,6
31,31,31,Amsterdam Bijlmer ArenA,NLASB,52.312221,4.947141,1101,31.0,15.0,42.0,16.0,25.0,108.0,90.0,29.0,0.07,25
32,32,32,Amsterdam Centraal,NLASC,52.37919,4.899426,1012,48.0,18.0,202.0,149.0,57.0,119.0,175.0,178.0,8.09,49
33,33,33,Assen,NLASN,52.99199399999999,6.571141000000001,9404,5.0,5.0,38.0,7.0,11.0,41.0,63.0,8.0,6.04,2
34,34,34,Amsterdam Sciencepark,NLASP,52.353167,4.949253,1098,3.0,17.0,16.0,4.0,28.0,41.0,24.0,12.0,14.165,3
35,35,35,Amsterdam Zuid,NLASZ,52.338865000000006,4.871946,1082,20.0,57.0,79.0,13.0,40.0,90.0,83.0,39.0,9.395,36
36,36,36,Aalten,NLATN,51.921343,6.578530000000001,7122,1.0,2.0,7.0,9.0,10.0,6.0,10.0,2.0,7.76,3
37,37,37,Baarn,NLBAN,52.208117,5.281251999999999,3743,8.0,3.0,25.0,5.0,7.0,28.0,20.0,4.0,4.325,1
38,38,38,Breda,NLBDA,51.595214,4.7785660000000005,4811,25.0,18.0,72.0,42.0,24.0,48.0,76.0,27.0,15.865,18
39,39,39,Bunde (NL),NLBDE,50.896824,5.736646,6241,0.0,3.0,7.0,4.0,3.0,4.0,3.0,6.0,5.935,3
40,40,40,Bodegraven,NLBDG,52.081486,4.746196,2411,3.0,8.0,10.0,4.0,3.0,11.0,24.0,4.0,17.455,4
41,41,41,Bedum,NLBDM,53.306723999999996,6.59205,9781,1.0,1.0,4.0,3.0,6.0,5.0,14.0,6.0,8.565,0
42,42,42,Breda Prinsenbeek,NLBDP,51.605714,4.72135,4822,6.0,4.0,10.0,4.0,10.0,25.0,11.0,6.0,8.355,6
43,43,43,Beesd,NLBED,51.899427,5.195279,4153,0.0,0.0,5.0,1.0,2.0,4.0,6.0,5.0,3.49,0
44,44,44,Beek-Elsloo,NLBEL,50.947299,5.786302,6191,1.0,5.0,11.0,6.0,4.0,11.0,42.0,4.0,12.885,4
45,45,45,Best,NLBET,51.509799,5.3889879999999994,5683,4.0,6.0,20.0,5.0,9.0,20.0,28.0,4.0,6.23,9
46,46,46,Bergen op Zoom,NLBGZ,51.494445,4.296088,4611,4.0,6.0,35.0,14.0,13.0,37.0,53.0,9.0,8.01,6
47,47,47,Bilthoven,NLBHV,52.130134999999996,5.204187,3722,5.0,5.0,16.0,5.0,7.0,23.0,28.0,7.0,4.415,11
48,48,48,Breukelen,NLBKL,52.170434,4.990433,3621,2.0,3.0,18.0,4.0,4.0,30.0,14.0,6.0,10.675,2
49,49,49,Boskoop,NLBKP,52.077548,4.646676,2771,2.0,3.0,13.0,6.0,3.0,6.0,16.0,3.0,15.19,2
50,50,50,Boskoop Snijdelwijk,NLBKS,52.067640000000004,4.64628,2771,0.0,3.0,4.0,0.0,7.0,2.0,3.0,3.0,15.19,3
51,51,350,Waddinxveen Triangel,NLWDT,52.082227,4.648181,2771,0.0,0.0,5.0,1.0,4.0,1.0,3.0,6.0,15.19,3
52,52,51,Beilen,NLBLN,52.855106000000006,6.521278,9411,2.0,3.0,8.0,5.0,2.0,8.0,15.0,3.0,8.545,3
53,53,52,Baflo,NLBLO,53.361451,6.518986,9953,0.0,0.0,1.0,3.0,4.0,5.0,7.0,1.0,1.88,1
54,54,53,Bloemendaal,NLBMD,52.404324,4.627574,2024,3.0,7.0,19.0,5.0,24.0,25.0,16.0,7.0,8.865,1
55,55,54,Brummen,NLBMN,52.090421,6.14676,6971,6.0,0.0,6.0,5.0,5.0,6.0,5.0,4.0,8.59,1
56,56,55,Boxmeer,NLBMR,51.644439,5.939181,5831,3.0,11.0,14.0,6.0,8.0,17.0,20.0,4.0,12.185,1
57,57,56,Barneveld Centrum,NLBNC,52.139862,5.590229,3771,4.0,4.0,19.0,7.0,7.0,18.0,31.0,5.0,10.9,11
58,58,59,Barneveld Noord,NLBNN,52.161265,5.597852,3771,1.0,2.0,4.0,0.0,3.0,7.0,3.0,5.0,10.9,0
59,59,57,Borne (NL),NLBNE,52.298719,6.748417,7622,4.0,4.0,18.0,4.0,4.0,9.0,28.0,5.0,7.975,1
60,60,58,Bunnik,NLBNK,52.063157000000004,5.193787,3981,1.0,8.0,12.0,3.0,3.0,24.0,6.0,8.0,6.68,3
61,61,60,Barendrecht,NLBRD,51.854553,4.552855999999999,2991,4.0,4.0,9.0,2.0,7.0,34.0,33.0,5.0,12.165,1
62,62,61,Blerick,NLBRK,51.372434999999996,6.155354,5922,3.0,4.0,28.0,9.0,10.0,25.0,64.0,3.0,5.64,2
63,63,62,Bussum Zuid,NLBSZ,52.266214,5.1627019999999995,1406,4.0,2.0,37.0,7.0,11.0,25.0,42.0,6.0,3.235,0
64,64,63,Boxtel,NLBTL,51.584733,5.318917,5281,8.0,5.0,24.0,10.0,4.0,21.0,20.0,5.0,6.565,5
65,65,64,Buitenpost,NLBTP,53.256367000000004,6.144648,9285,1.0,5.0,4.0,2.0,5.0,7.0,5.0,3.0,5.85,3
66,66,65,Bovenkarspel Flora,NLBVF,52.696078,5.25352,1611,2.0,1.0,4.0,4.0,3.0,3.0,4.0,2.0,10.46,1
67,67,66,Bovenkarspel-Grootebroek,NLBVG,52.695062,5.236468,1611,7.0,5.0,9.0,5.0,4.0,8.0,21.0,3.0,10.46,7
68,68,67,Boven-Hardinxveld,NLBVH,51.832332,4.878221,3371,1.0,1.0,3.0,1.0,7.0,3.0,2.0,4.0,12.12,0
69,69,156,Hardinxveld-Giessendam,NLHDV,51.830426,4.835324,3371,2.0,3.0,7.0,7.0,3.0,19.0,17.0,4.0,12.12,6
70,70,68,Beverwijk,NLBVW,52.478324,4.656286,1941,2.0,3.0,35.0,6.0,7.0,30.0,65.0,6.0,3.295,7
71,71,69,Culemborg,NLCLB,51.946908,5.226813,4103,7.0,7.0,17.0,5.0,5.0,21.0,17.0,4.0,1.495,7
72,72,70,Capelle Schollevaar,NLCSV,51.954082,4.584174,2907,4.0,8.0,6.0,1.0,6.0,35.0,22.0,8.0,14.0,11
73,73,72,Cuijk,NLCUK,51.726996,5.874064,5431,13.0,5.0,9.0,7.0,5.0,8.0,12.0,4.0,11.28,4
74,74,73,Coevorden,NLCVD,52.663393000000006,6.735742999999999,7741,10.0,3.0,13.0,5.0,6.0,9.0,16.0,6.0,9.345,6
75,75,74,Chevremont,NLCVM,50.875896999999995,6.0596190000000005,6463,6.0,1.0,8.0,6.0,5.0,9.0,4.0,4.0,5.46,0
76,76,75,Driebergen-Zeist,NLDBZ,52.065242,5.259309,3709,1.0,2.0,5.0,0.0,6.0,22.0,5.0,7.0,0.315,6
77,77,76,Den Dolder,NLDDD,52.140374,5.242562,3734,4.0,2.0,7.0,2.0,8.0,8.0,5.0,5.0,4.33,10
78,78,77,Didam,NLDDM,51.933236,6.132251999999999,6942,4.0,5.0,6.0,4.0,2.0,15.0,8.0,3.0,11.815,4
79,79,78,Delden,NLDDN,52.260191,6.715957,7491,5.0,1.0,13.0,4.0,4.0,3.0,7.0,3.0,7.395,1
80,80,79,Dordrecht Stadspolders,NLDDS,51.801858,4.716855000000001,3315,4.0,10.0,12.0,5.0,9.0,32.0,24.0,5.0,19.915,22
81,81,80,Dordrecht,NLDDT,51.807324,4.667765,3311,8.0,9.0,92.0,16.0,21.0,71.0,96.0,22.0,15.755,9
82,82,81,Dordrecht Zuid,NLDDZ,51.790019,4.671387999999999,3318,3.0,3.0,13.0,5.0,10.0,32.0,40.0,8.0,5.685,2
83,83,82,Delft,NLDET,52.005752,4.3569,2613,19.0,29.0,86.0,36.0,31.0,53.0,106.0,30.0,13.035,7
84,84,83,Delft Zuid,NLDEZ,51.990308,4.365098000000001,2627,7.0,15.0,7.0,5.0,8.0,34.0,12.0,3.0,1.305,3
85,85,84,Den Haag Centraal,NLDHC,52.080317,4.32524,2595,33.0,28.0,108.0,35.0,34.0,110.0,90.0,75.0,6.66,39
86,86,87,Den Haag Laan v. NOI,NLDHL,52.079059,4.343443,2595,3.0,8.0,54.0,10.0,13.0,69.0,55.0,27.0,6.66,8
87,87,85,Den Helder,NLDHD,52.95640600000001,4.760768,1782,6.0,3.0,27.0,8.0,9.0,10.0,37.0,8.0,11.005,9
88,88,86,Den Haag HS,NLDHH,52.069584000000006,4.322669,2515,8.0,24.0,53.0,9.0,22.0,61.0,51.0,42.0,11.73,23
89,89,88,Den Haag Mariahoeve,NLDHM,52.090529,4.368973,2272,2.0,4.0,16.0,2.0,8.0,27.0,24.0,24.0,8.205,5
90,90,89,Driehuis,NLDHS,52.442879000000005,4.638865,2071,5.0,4.0,5.0,4.0,3.0,3.0,5.0,6.0,6.86,0
91,91,298,Santpoort Noord,NLSPN,52.433647,4.63242,2071,4.0,7.0,16.0,4.0,8.0,8.0,11.0,4.0,6.86,0
92,92,91,Den Haag Ypenburg,NLDHY,52.055606,4.391337999999999,2496,2.0,5.0,6.0,5.0,11.0,33.0,9.0,9.0,9.945,0
93,93,92,Den Helder Zuid,NLDHZ,52.932503000000004,4.764345,1785,2.0,5.0,5.0,1.0,2.0,8.0,8.0,4.0,9.425,0
94,94,93,Dalen,NLDLN,52.694217,6.75818,7751,0.0,3.0,5.0,0.0,4.0,9.0,4.0,1.0,3.985,2
95,95,94,Daarlerveen,NLDLV,52.441306000000004,6.575833,7687,0.0,1.0,2.0,1.0,2.0,1.0,4.0,2.0,1.145,1
96,96,95,Diemen,NLDMN,52.345112,4.96751,1111,4.0,4.0,19.0,4.0,15.0,21.0,19.0,7.0,13.235,0
97,97,96,Diemen Zuid,NLDMZ,52.330325,4.955753,1112,1.0,8.0,9.0,4.0,5.0,49.0,13.0,17.0,8.38,3
98,98,97,Deurne,NLDNE,51.456097,5.78792,5753,3.0,5.0,19.0,4.0,4.0,11.0,24.0,3.0,3.97,3
99,99,98,Deinum,NLDNM,53.188786,5.728079,9033,0.0,0.0,0.0,0.0,2.0,1.0,2.0,1.0,0.995,0
100,100,99,Dieren,NLDRN,52.044270000000004,6.1022099999999995,6953,5.0,4.0,14.0,4.0,4.0,16.0,19.0,8.0,2.19,3
101,101,100,Dronryp,NLDRP,53.1779,5.6354809999999995,9035,0.0,0.0,0.0,0.0,1.0,0.0,0.0,1.0,3.365,0
102,102,101,Dalfsen,NLDSN,52.498342,6.259018,7722,0.0,1.0,9.0,4.0,3.0,3.0,10.0,6.0,7.065,1
103,103,102,Doetinchem,NLDTC,51.95836,6.29448,7005,5.0,6.0,22.0,12.0,5.0,34.0,56.0,8.0,0.335,8
104,104,103,Doetinchem de Huet,NLDTH,51.959115999999995,6.259512,7006,1.0,6.0,4.0,2.0,6.0,13.0,8.0,3.0,10.595,7
105,105,104,Deventer Colmschate,NLDVC,52.250411,6.215465,7423,21.0,3.0,9.0,5.0,6.0,12.0,20.0,8.0,6.57,3
106,106,105,Duivendrecht,NLDVD,52.323555999999996,4.936552,1115,8.0,3.0,9.0,2.0,6.0,32.0,23.0,16.0,4.78,5
107,107,106,De Vink,NLDVK,52.14717,4.456294000000001,2253,2.0,3.0,8.0,5.0,7.0,6.0,16.0,5.0,7.695,6
108,108,107,Duiven,NLDVN,51.943295,6.014835,6922,7.0,7.0,14.0,4.0,4.0,18.0,15.0,3.0,7.985,2
109,109,108,Deventer,NLDVT,52.257432,6.160505000000001,7411,14.0,13.0,77.0,19.0,16.0,51.0,73.0,19.0,7.665,7
110,110,109,Delfzijl,NLDZL,53.334025,6.9244259999999995,9934,3.0,4.0,12.0,5.0,5.0,9.0,17.0,8.0,5.085,5
111,111,110,Delfzijl West,NLDZW,53.331912,6.907041,9933,1.0,7.0,5.0,1.0,4.0,7.0,6.0,3.0,4.095,0
112,112,111,Echt,NLECT,51.100709,5.878954,6101,7.0,7.0,10.0,10.0,6.0,8.0,15.0,4.0,9.545,3
113,113,112,Ede Centrum,NLEDC,52.043344,5.667959,6711,14.0,1.0,39.0,11.0,13.0,36.0,63.0,5.0,9.3,29
114,114,113,Enschede Kennispark,NLEDL,52.237287,6.838992999999999,7521,5.0,8.0,9.0,5.0,10.0,35.0,3.0,6.0,9.68,4
115,115,114,Eijsden,NLEDN,50.771964000000004,5.710046,6245,2.0,1.0,11.0,5.0,7.0,5.0,8.0,4.0,8.705,3
116,116,115,Ede-Wageningen,NLEDW,52.027865000000006,5.671555000000001,6717,1.0,5.0,6.0,6.0,4.0,21.0,13.0,8.0,15.355,5
117,117,116,Eemshaven,NLEEM,53.461346,6.819422,9979,0.0,0.0,0.0,0.0,1.0,0.0,1.0,4.0,0.01,0
118,118,117,Eygelshoven,NLEGH,50.889903000000004,6.045847,6469,1.0,1.0,4.0,3.0,3.0,3.0,1.0,2.0,0.65,0
119,119,118,Eygelshoven Markt,NLEGM,50.896033,6.057569,6471,1.0,1.0,6.0,6.0,4.0,6.0,5.0,5.0,5.8,1
120,120,119,Eindhoven Strijp-S,NLEHB,51.450362,5.457054,5617,8.0,7.0,31.0,5.0,10.0,54.0,28.0,9.0,0.185,10
121,121,120,Eindhoven,NLEHV,51.443018,5.479572,5611,33.0,57.0,115.0,74.0,28.0,88.0,152.0,49.0,10.68,29
122,122,121,Enkhuizen,NLEHZ,52.699512,5.28803,1601,2.0,4.0,28.0,9.0,9.0,8.0,17.0,7.0,7.3,6
123,123,122,Elst,NLELT,51.917190000000005,5.855024,6662,2.0,5.0,13.0,4.0,3.0,20.0,18.0,4.0,9.515,4
124,124,123,Ermelo,NLEML,52.301254,5.614482,3851,4.0,1.0,17.0,5.0,1.0,11.0,30.0,8.0,10.615,4
125,125,124,Emmen,NLEMN,52.790114,6.899688,7822,6.0,4.0,38.0,9.0,8.0,27.0,69.0,9.0,2.705,9
126,126,125,Enschede,NLESD,52.222561999999996,6.8902220000000005,7511,18.0,25.0,68.0,21.0,23.0,54.0,112.0,12.0,9.01,16
127,127,126,Enschede De Eschmarke,NLESE,52.221133,6.951097,7532,0.0,2.0,6.0,0.0,2.0,7.0,12.0,4.0,5.445,2
128,128,138,Glanerbrug,NLGLB,52.218571000000004,6.973885000000001,7532,3.0,2.0,6.0,5.0,4.0,10.0,12.0,5.0,5.445,1
129,129,127,Etten-Leur,NLETL,51.575195,4.636474,4872,10.0,4.0,35.0,7.0,12.0,19.0,36.0,8.0,8.91,4
130,130,128,Franeker,NLFNK,53.182331999999995,5.549958,8801,4.0,3.0,11.0,4.0,4.0,9.0,19.0,8.0,6.545,1
131,131,129,Gaanderen,NLGAD,51.931024,6.348155,7011,4.0,3.0,6.0,2.0,5.0,2.0,5.0,2.0,5.61,2
132,132,130,Gramsbergen,NLGBG,52.609413,6.676054,7783,1.0,1.0,4.0,5.0,5.0,3.0,5.0,5.0,3.04,2
133,133,131,Gouda,NLGDA,52.017348,4.706131,2809,10.0,8.0,51.0,10.0,11.0,51.0,81.0,16.0,0.115,11
134,134,132,Gouda Goverwelle,NLGDG,52.014965999999994,4.741558,2807,3.0,10.0,5.0,5.0,6.0,9.0,14.0,4.0,11.61,3
135,135,133,Geerdijk,NLGDK,52.476292,6.5667539999999995,7686,0.0,0.0,0.0,2.0,0.0,0.0,1.0,1.0,0.59,0
136,136,134,Geldermalsen,NLGDM,51.882339,5.271454,4191,0.0,4.0,4.0,1.0,3.0,8.0,2.0,5.0,10.57,4
137,137,135,Geldrop,NLGDP,51.419996999999995,5.550488,5662,12.0,3.0,29.0,5.0,6.0,26.0,27.0,7.0,3.255,2
138,138,136,Grou-Jirnsum,NLGJS,53.088736,5.822735,9001,0.0,1.0,2.0,1.0,6.0,3.0,5.0,4.0,5.745,1
139,139,137,Grijpskerk,NLGKK,53.25581,6.3104,9843,1.0,2.0,4.0,0.0,3.0,4.0,4.0,5.0,2.79,1
140,140,139,Geleen-Lutterade,NLGLL,50.975534,5.824955999999999,6162,4.0,5.0,21.0,5.0,3.0,18.0,22.0,6.0,4.25,4
141,141,140,Geleen Oost,NLGLO,50.967399,5.843285,6166,2.0,5.0,7.0,4.0,7.0,11.0,11.0,6.0,5.44,4
142,142,141,Groningen Europapark,NLGNE,53.205847,6.583375,9723,4.0,9.0,24.0,8.0,6.0,46.0,27.0,12.0,4.355,1
143,143,142,Groningen,NLGNG,53.21068399999999,6.564273,9726,24.0,40.0,83.0,61.0,24.0,77.0,104.0,45.0,4.17,11
144,144,143,Groningen Noord,NLGNN,53.229893999999994,6.55612,9741,5.0,18.0,48.0,7.0,25.0,22.0,63.0,19.0,8.07,2
145,145,144,Goor,NLGOR,52.23032,6.584633999999999,7471,3.0,2.0,14.0,4.0,3.0,9.0,15.0,3.0,12.295,4
146,146,145,Goes,NLGOS,51.498302,3.8902699999999997,4461,8.0,8.0,57.0,17.0,11.0,45.0,76.0,9.0,11.235,4
147,147,146,Gorinchem,NLGRC,51.83377,4.967304,4205,7.0,7.0,45.0,8.0,7.0,36.0,56.0,6.0,9.6,3
148,148,147,Gilze-Rijen,NLGZR,51.583843,4.925306,5121,4.0,4.0,12.0,5.0,3.0,20.0,21.0,7.0,12.305,4
149,149,148,Hoensbroek,NLHBK,50.905634,5.930084,6433,1.0,4.0,4.0,5.0,5.0,5.0,8.0,6.0,4.99,3
150,150,149,Helmond Brandevoort,NLHBR,51.462498,5.6089720000000005,5706,2.0,8.0,4.0,2.0,2.0,5.0,7.0,3.0,14.155,0
151,151,150,Hardenberg,NLHDB,52.572441000000005,6.628151,7772,9.0,10.0,16.0,4.0,4.0,17.0,31.0,8.0,11.195,4
152,152,151,Hemmen-Dodewaard,NLHDD,51.922278000000006,5.673586,6669,0.0,0.0,0.0,1.0,0.0,0.0,0.0,1.0,4.47,0
153,153,152,'t Harde,NLHDE,52.409107,5.892941,8084,1.0,0.0,5.0,1.0,6.0,4.0,5.0,3.0,6.51,2
154,154,153,Hurdegaryp,NLHDG,53.218999,5.9348220000000005,9254,1.0,2.0,5.0,0.0,7.0,1.0,4.0,6.0,4.865,3
155,155,154,Hindeloopen,NLHDL,52.946374,5.423093,8713,0.0,0.0,0.0,0.0,2.0,0.0,0.0,3.0,0.89,0
156,156,155,Hoofddorp,NLHDP,52.293128,4.699974,2132,3.0,4.0,15.0,4.0,8.0,80.0,10.0,17.0,11.385,7
157,157,157,Harderwijk,NLHDW,52.337588000000004,5.619687,3844,2.0,4.0,7.0,6.0,9.0,30.0,17.0,7.0,9.47,5
158,158,158,Hengelo,NLHGL,52.261854,6.793723,7551,7.0,6.0,31.0,25.0,11.0,33.0,72.0,9.0,3.915,18
159,159,159,Hillegom,NLHGM,52.303096999999994,4.5661510000000005,2182,0.0,0.0,2.0,1.0,5.0,2.0,7.0,4.0,11.94,1
160,160,160,Hengelo Oost,NLHGO,52.268965,6.819719999999999,7557,4.0,5.0,14.0,9.0,4.0,14.0,11.0,3.0,10.395,1
161,161,161,Hoogezand-Sappemeer,NLHGS,53.15979599999999,6.771259,9601,1.0,2.0,4.0,6.0,7.0,5.0,9.0,3.0,6.94,0
162,162,230,Martenshoek,NLMTH,53.160856,6.740408,9601,2.0,1.0,7.0,3.0,4.0,6.0,6.0,6.0,6.94,1
163,163,162,Hoogeveen,NLHGV,52.733653000000004,6.472754,7901,6.0,4.0,18.0,8.0,6.0,12.0,10.0,5.0,2.99,4
164,164,163,Heerhugowaard,NLHHG,52.670288,4.82353,1704,4.0,4.0,22.0,5.0,7.0,33.0,47.0,7.0,6.98,7
165,165,164,Heemskerk,NLHKK,52.494828000000005,4.686301,1966,1.0,1.0,7.0,6.0,5.0,9.0,9.0,5.0,4.785,2
166,166,165,Hoogkarspel,NLHKS,52.690442000000004,5.183135,1616,4.0,2.0,4.0,5.0,12.0,2.0,6.0,3.0,7.87,0
167,167,166,Harlingen,NLHLG,53.170448,5.425142,8862,5.0,6.0,20.0,4.0,11.0,12.0,17.0,13.0,8.265,3
168,168,167,Harlingen Haven,NLHLH,53.174889,5.411326,8862,5.0,4.0,24.0,4.0,12.0,7.0,9.0,18.0,8.265,8
169,169,168,Haarlem,NLHLM,52.387972999999995,4.638604,2011,26.0,7.0,98.0,44.0,43.0,70.0,104.0,27.0,12.745,19
170,170,169,Heerlen,NLHLN,50.890694,5.975839,6411,10.0,7.0,49.0,14.0,11.0,49.0,88.0,13.0,7.59,33
171,171,170,Heiloo,NLHLO,52.600037,4.701034,1852,9.0,5.0,16.0,9.0,3.0,11.0,18.0,9.0,10.095,16
172,172,171,Hollandsche Rading,NLHLR,52.175989,5.1737589999999996,3739,1.0,1.0,4.0,0.0,6.0,0.0,4.0,3.0,1.505,0
173,173,172,Haarlem Spaarnwoude,NLHLS,52.383065,4.672862,2031,2.0,3.0,12.0,2.0,4.0,26.0,17.0,8.0,1.575,4
174,174,173,Holten,NLHLT,52.28395,6.420599,7451,3.0,5.0,4.0,4.0,1.0,6.0,8.0,4.0,8.975,6
175,175,174,Heerlen Woonboulevard,NLHLW,50.896015000000006,5.952225,6412,1.0,3.0,9.0,1.0,5.0,7.0,30.0,5.0,8.845,6
176,176,175,Helmond Brouwhuis,NLHMB,51.470381,5.702828,5704,2.0,3.0,8.0,4.0,7.0,3.0,11.0,8.0,9.085,11
177,177,176,Helmond,NLHMD,51.475478,5.6619269999999995,5705,12.0,1.0,32.0,14.0,8.0,38.0,71.0,12.0,1.81,2
178,178,177,Helmond 't Hout,NLHMH,51.468035,5.63131,5707,0.0,7.0,11.0,9.0,7.0,17.0,18.0,6.0,9.77,2
179,179,178,Heino,NLHNO,52.427382,6.221632,8141,0.0,0.0,0.0,0.0,3.0,0.0,3.0,3.0,6.855,0
180,180,179,Hoorn Kersenboogerd,NLHOK,52.653478,5.085215,1628,6.0,16.0,14.0,5.0,8.0,17.0,20.0,5.0,21.18,14
181,181,182,Heerenveen,NLHRV,52.960936,5.915153,8441,4.0,1.0,24.0,8.0,4.0,31.0,50.0,5.0,4.33,6
182,182,183,Heemstede-Aerdenhout,NLHSA,52.359423,4.606683,2106,4.0,4.0,8.0,2.0,3.0,21.0,11.0,9.0,3.115,8
183,183,184,Hilversum Sportpark,NLHSP,52.216657,5.187207,1213,3.0,8.0,17.0,5.0,10.0,60.0,14.0,13.0,6.49,3
184,184,185,Horst-Sevenum,NLHSV,51.426046,6.043115,5975,1.0,2.0,1.0,0.0,1.0,4.0,3.0,6.0,6.45,1
185,185,186,Houten Castellum,NLHTC,52.016996999999996,5.1794400000000005,3995,5.0,4.0,7.0,2.0,5.0,30.0,11.0,3.0,2.535,11
186,186,188,Houten,NLHTN,52.034517,5.167816999999999,3995,14.0,4.0,25.0,5.0,7.0,34.0,43.0,4.0,2.535,37
187,187,189,'s-Hertogenbosch Oost,NLHTO,51.700559000000005,5.317389,5212,10.0,7.0,10.0,4.0,12.0,24.0,22.0,7.0,6.985,0
188,188,190,Houthem-St. Gerlach,NLHTS,50.873434,5.796702,6301,3.0,2.0,4.0,3.0,8.0,5.0,0.0,11.0,10.725,1
189,189,331,Valkenburg,NLVKB,50.869452,5.832758,6301,4.0,6.0,41.0,25.0,10.0,17.0,16.0,38.0,10.725,2
190,190,191,Hilversum Media Park,NLHVN,52.237826,5.173966,1217,3.0,11.0,7.0,5.0,7.0,48.0,17.0,6.0,7.355,14
191,191,192,Hilversum,NLHVS,52.22667,5.1814,1221,9.0,4.0,72.0,28.0,19.0,48.0,89.0,20.0,7.93,17
192,192,193,Heeze,NLHZE,51.385090999999996,5.56959,5591,4.0,4.0,5.0,5.0,4.0,6.0,9.0,8.0,9.645,0
193,193,194,IJlst,NLIJT,53.014692000000004,5.615901999999999,8651,3.0,1.0,3.0,1.0,4.0,3.0,4.0,4.0,3.145,0
194,194,195,Krabbendijke,NLKBD,51.433399,4.116951,4413,0.0,1.0,4.0,2.0,4.0,4.0,10.0,2.0,4.41,0
195,195,196,Koog aan de Zaan,NLKBW,52.458601,4.805516000000001,1541,8.0,3.0,11.0,6.0,16.0,19.0,23.0,3.0,11.185,7
196,196,207,Zaandijk Zaanse Schans,NLKZD,52.469207999999995,4.805048,1541,5.0,5.0,14.0,4.0,14.0,36.0,11.0,5.0,11.185,1
197,197,197,Koudum-Molkwerum,NLKDM,52.902489,5.410832,8722,0.0,0.0,2.0,0.0,2.0,0.0,1.0,1.0,0.385,1
198,198,198,Krommenie-Assendelft,NLKMA,52.494873,4.755347,1567,5.0,7.0,17.0,7.0,8.0,17.0,27.0,4.0,9.345,3
199,199,199,Klimmen-Ransdaal,NLKMR,50.866351,5.890226,6343,1.0,0.0,3.0,2.0,5.0,3.0,4.0,4.0,3.305,2
200,200,201,Kapelle-Biezelinge,NLKPB,51.480548,3.9564220000000003,4421,4.0,3.0,4.0,3.0,4.0,9.0,7.0,1.0,8.905,2
201,201,202,Kampen,NLKPN,52.559514,5.922093,8271,3.0,8.0,26.0,7.0,8.0,15.0,33.0,4.0,11.87,3
202,202,203,Klarenbeek,NLKRB,52.178003000000004,6.0846,7382,0.0,0.0,0.0,0.0,2.0,0.0,1.0,1.0,1.435,0
203,203,204,Kerkrade Centrum,NLKRC,50.861344,6.057119999999999,6461,9.0,1.0,17.0,7.0,6.0,15.0,27.0,10.0,8.16,2
204,204,205,Kesteren,NLKTR,51.931519,5.583387999999999,4041,0.0,0.0,6.0,1.0,1.0,5.0,5.0,6.0,5.25,0
205,205,206,Kropswolde,NLKWD,53.161603,6.722689999999999,9606,1.0,0.0,3.0,1.0,3.0,11.0,5.0,2.0,1.675,0
206,206,208,Lochem,NLLCM,52.166865,6.426433,7241,3.0,2.0,12.0,5.0,6.0,10.0,14.0,3.0,8.19,1
207,207,209,Leiden Centraal,NLLDC,52.166263,4.481967,2312,33.0,55.0,76.0,30.0,22.0,86.0,74.0,36.0,14.455,35
208,208,210,Leiden Lammensch,NLLDL,52.146693,4.492736,2321,4.0,9.0,17.0,4.0,17.0,31.0,34.0,8.0,8.465,6
209,209,211,Leerdam,NLLDM,51.894618,5.092649,4141,9.0,4.0,21.0,4.0,5.0,13.0,25.0,9.0,5.275,4
210,210,212,Landgraaf,NLLGF,50.896528,6.0198599999999995,6372,0.0,5.0,10.0,6.0,2.0,10.0,13.0,2.0,10.21,2
211,211,213,Lage Zwaluwe,NLLGZ,51.69023,4.66345,4765,0.0,0.0,2.0,0.0,0.0,1.0,1.0,4.0,1.625,1
212,212,214,Lelystad Centrum,NLLLC,52.507853000000004,5.472812,8232,13.0,4.0,27.0,6.0,9.0,46.0,58.0,8.0,6.535,23
213,213,215,Lansingerland-Zoetermeer,NLLLZ,52.045827,4.52752,2665,4.0,3.0,4.0,6.0,7.0,22.0,4.0,5.0,11.145,2
214,214,216,Loppersum,NLLPS,53.334753000000006,6.747375,9919,0.0,2.0,4.0,0.0,6.0,7.0,10.0,3.0,2.63,1
215,215,217,Lichtenvoorde-Groenlo,NLLTG,52.011972,6.596446,7137,0.0,0.0,3.0,1.0,3.0,3.0,6.0,2.0,1.445,1
216,216,218,Lunteren,NLLTR,52.085018,5.624271,6741,3.0,4.0,8.0,4.0,9.0,6.0,7.0,4.0,12.98,4
217,217,219,Leeuwarden Camminghaburen,NLLWC,53.202126,5.842547,8938,1.0,6.0,5.0,0.0,2.0,13.0,7.0,5.0,0.075,2
218,218,220,Leeuwarden,NLLWD,53.19622,5.791686,8911,16.0,14.0,58.0,27.0,19.0,62.0,80.0,19.0,4.865,9
219,219,221,Maarn,NLMAN,52.064164,5.370092,3951,4.0,5.0,7.0,1.0,4.0,8.0,4.0,5.0,4.57,11
220,220,222,Maarssen,NLMAS,52.135745,5.033222,3605,8.0,3.0,40.0,4.0,8.0,42.0,50.0,10.0,5.31,9
221,221,223,Middelburg,NLMDB,51.494832,3.617079,4337,9.0,6.0,49.0,21.0,23.0,71.0,83.0,19.0,8.2,2
222,222,224,Meerssen,NLMES,50.882576,5.750408,6231,4.0,5.0,6.0,8.0,7.0,9.0,11.0,4.0,7.615,2
223,223,225,Mantgum,NLMGM,53.130266000000006,5.713533999999999,9022,0.0,0.0,0.0,0.0,2.0,2.0,2.0,3.0,1.165,0
224,224,226,Maarheeze,NLMHZ,51.303802000000005,5.630618,6026,0.0,1.0,1.0,3.0,3.0,4.0,9.0,4.0,5.285,2
225,225,227,Mook-Molenhoek,NLMMH,51.766144,5.878756,6584,0.0,1.0,3.0,2.0,3.0,3.0,4.0,4.0,3.665,0
226,226,228,Meppel,NLMPL,52.69190699999999,6.197882,7941,21.0,4.0,30.0,10.0,14.0,24.0,39.0,6.0,5.94,7
227,227,229,Marienberg,NLMRB,52.509273,6.5749889999999995,7692,1.0,3.0,4.0,4.0,4.0,0.0,2.0,4.0,0.89,2
228,228,231,Maastricht Noord,NLMTN,50.871457,5.718541,6222,0.0,4.0,5.0,5.0,2.0,13.0,7.0,8.0,5.51,0
229,229,232,Maastricht Randwyck,NLMTR,50.837918,5.717606,6227,9.0,33.0,21.0,8.0,5.0,43.0,14.0,13.0,7.825,5
230,230,233,Maastricht,NLMTT,50.849810999999995,5.705875,6221,9.0,6.0,66.0,29.0,20.0,49.0,90.0,47.0,9.75,23
231,231,234,Nieuw Amsterdam,NLNAS,52.719297,6.848971000000001,7833,1.0,0.0,4.0,4.0,4.0,4.0,14.0,2.0,4.9,3
232,232,235,Naarden-Bussum,NLNDB,52.280884,5.157363,1404,20.0,6.0,24.0,7.0,10.0,33.0,56.0,10.0,3.24,8
233,233,236,Nijkerk,NLNKK,52.222041,5.49355,3862,4.0,11.0,21.0,5.0,9.0,18.0,24.0,8.0,12.7,7
234,234,237,Nijmegen Dukenburg,NLNMD,51.824071,5.795372,6538,2.0,4.0,11.0,2.0,6.0,34.0,28.0,6.0,9.435,23
235,235,238,Nijmegen,NLNMG,51.843486999999996,5.8523190000000005,6512,13.0,5.0,108.0,48.0,17.0,46.0,99.0,28.0,5.21,19
236,236,239,Nijmegen Heyendaal,NLNMH,51.826731,5.867933,6525,4.0,72.0,20.0,7.0,9.0,53.0,17.0,11.0,9.435,2
237,237,240,Nijmegen Lent,NLNML,51.864828,5.859401999999999,6663,5.0,3.0,4.0,1.0,4.0,9.0,11.0,4.0,7.34,1
238,238,241,Nunspeet,NLNST,52.370768,5.784145,8071,3.0,7.0,22.0,4.0,6.0,8.0,18.0,8.0,11.56,8
239,239,242,Nuth,NLNUH,50.920043,5.892411,6361,2.0,2.0,7.0,4.0,7.0,7.0,12.0,3.0,6.42,4
240,240,243,Nijverdal,NLNVD,52.365725,6.470561,7443,4.0,2.0,16.0,5.0,3.0,14.0,21.0,4.0,9.18,2
241,241,244,Nieuw Vennep,NLNVN,52.258978000000006,4.645607,2153,2.0,2.0,6.0,2.0,6.0,7.0,3.0,5.0,3.13,1
242,242,245,Nieuwerkerk a/d IJssel,NLNWK,51.965363,4.616912999999999,2911,2.0,6.0,12.0,4.0,5.0,16.0,18.0,7.0,6.52,2
243,243,246,Bad Nieuweschans,NLNWS,53.18466,7.200233,9693,4.0,0.0,2.0,2.0,4.0,6.0,3.0,5.0,1.41,1
244,244,247,Oudenbosch,NLODB,51.58778,4.533348999999999,4731,6.0,4.0,11.0,9.0,8.0,13.0,13.0,3.0,12.245,4
245,245,248,Obdam,NLODM,52.678036999999996,4.9076059999999995,1713,3.0,1.0,3.0,4.0,12.0,2.0,5.0,3.0,5.83,6
246,246,249,Oldenzaal,NLODZ,52.306278999999996,6.933136999999999,7573,10.0,4.0,17.0,8.0,9.0,32.0,41.0,4.0,3.705,2
247,247,250,Opheusden,NLOHD,51.926044,5.637468,4043,0.0,0.0,5.0,0.0,2.0,2.0,3.0,3.0,5.99,0
248,248,251,Olst,NLOLT,52.335269,6.113303,8121,3.0,0.0,4.0,4.0,4.0,7.0,4.0,3.0,8.16,5
249,249,252,Ommen,NLOMN,52.509632999999994,6.416697,7731,2.0,2.0,4.0,2.0,3.0,0.0,1.0,6.0,11.92,1
250,250,253,Oss,NLOSS,51.765029,5.530361,5348,5.0,3.0,24.0,10.0,4.0,39.0,50.0,6.0,8.745,6
251,251,254,Oss West,NLOSW,51.758377,5.506737,5345,2.0,3.0,12.0,4.0,9.0,15.0,23.0,3.0,14.435,1
252,252,255,Oosterbeek,NLOTB,51.994865999999995,5.840075,6861,3.0,3.0,7.0,0.0,4.0,6.0,14.0,5.0,5.675,0
253,253,256,Oisterwijk,NLOTW,51.582387,5.1948300000000005,5061,4.0,4.0,34.0,8.0,5.0,23.0,38.0,6.0,12.225,11
254,254,257,Overveen,NLOVV,52.390993,4.607789,2051,2.0,10.0,15.0,5.0,9.0,16.0,9.0,5.0,4.16,9
255,255,258,Purmerend,NLPME,52.503718000000006,4.954296,1441,5.0,2.0,35.0,12.0,6.0,42.0,90.0,12.0,13.79,6
256,256,259,Purmerend Overwhere,NLPMO,52.511323,4.967403,1443,6.0,4.0,6.0,5.0,10.0,16.0,30.0,6.0,6.875,1
257,257,260,Purmerend Weidevenne,NLPMW,52.496283999999996,4.935005,1448,5.0,3.0,4.0,2.0,4.0,8.0,14.0,8.0,17.535,1
258,258,261,Putten,NLPTN,52.265171,5.575334,3882,0.0,1.0,4.0,0.0,5.0,3.0,6.0,6.0,12.74,2
259,259,262,Amsterdam RAI,NLRAI,52.336689,4.890725,1078,5.0,15.0,59.0,16.0,27.0,58.0,20.0,22.0,14.6,4
260,260,263,Rotterdam Alexander,NLRAL,51.951735,4.553521,3068,2.0,7.0,33.0,5.0,12.0,45.0,96.0,19.0,22.16,41
261,261,265,Rheden,NLRDN,52.010615,6.033092,6991,0.0,4.0,10.0,4.0,3.0,7.0,8.0,4.0,7.61,1
262,262,266,Roodeschool,NLRDS,53.418775,6.759618,9983,1.0,0.0,1.0,0.0,6.0,2.0,6.0,4.0,1.22,0
263,263,267,Rilland-Bath,NLRLB,51.422647999999995,4.160836,4411,0.0,0.0,1.0,0.0,3.0,0.0,1.0,2.0,3.055,0
264,264,268,Rotterdam Lombardijen,NLRLD,51.88037,4.5307699999999995,3076,7.0,5.0,12.0,5.0,10.0,48.0,10.0,13.0,13.495,2
265,265,269,Ruurlo,NLRLO,52.080542,6.450803,7261,2.0,3.0,10.0,6.0,3.0,5.0,8.0,4.0,7.885,0
266,266,270,Roermond,NLRMD,51.192848,5.99451,6043,5.0,5.0,65.0,29.0,14.0,31.0,134.0,20.0,12.03,16
267,267,271,Rosmalen,NLRML,51.715067,5.369373,5241,13.0,9.0,16.0,5.0,9.0,24.0,21.0,6.0,6.275,3
268,268,272,Rhenen,NLRNN,51.958009999999994,5.5783190000000005,3911,13.0,5.0,12.0,3.0,6.0,4.0,10.0,4.0,13.99,3
269,269,273,Rotterdam Noord,NLRNO,51.942279,4.481580999999999,3051,19.0,2.0,40.0,5.0,24.0,34.0,44.0,17.0,7.58,5
270,270,274,Roosendaal,NLRSD,51.540299,4.458469,4702,6.0,5.0,42.0,14.0,6.0,32.0,49.0,13.0,13.255,10
271,271,275,Rijssen,NLRSN,52.311978,6.519687,7461,2.0,7.0,22.0,4.0,3.0,17.0,36.0,8.0,8.9,4
272,272,276,Rijswijk,NLRSW,52.039344,4.319783999999999,2283,5.0,5.0,40.0,4.0,15.0,55.0,78.0,15.0,5.52,2
273,273,277,Rotterdam Centraal,NLRTC,51.924803999999995,4.468771,3013,37.0,39.0,83.0,58.0,46.0,104.0,163.0,81.0,1.065,33
274,274,278,Raalte,NLRTE,52.391308,6.278416,8102,9.0,7.0,14.0,9.0,4.0,7.0,22.0,10.0,6.925,2
275,275,279,Reuver,NLRVR,51.283019,6.079404,5953,7.0,4.0,8.0,5.0,3.0,7.0,11.0,7.0,11.19,11
276,276,281,Rotterdam Zuid,NLRZU,51.904866,4.510031,3071,2.0,4.0,37.0,4.0,12.0,23.0,32.0,19.0,18.85,1
277,277,282,Sliedrecht Baanhoek,NLSBH,51.829626,4.743275,3363,2.0,3.0,4.0,2.0,7.0,10.0,7.0,3.0,6.455,0
278,278,283,Spaubeek,NLSBK,50.943334,5.850314,6176,0.0,2.0,4.0,3.0,3.0,7.0,8.0,1.0,3.47,0
279,279,284,Scheemda,NLSDA,53.16540500000001,6.97784,9679,0.0,1.0,0.0,0.0,1.0,5.0,4.0,1.0,4.985,0
280,280,285,Schiedam Centrum,NLSDC,51.921945,4.409802,3112,5.0,4.0,39.0,6.0,10.0,37.0,44.0,19.0,11.105,8
281,281,286,Soestdijk,NLSDK,52.183521999999996,5.299986,3761,11.0,8.0,18.0,5.0,4.0,14.0,18.0,4.0,4.875,5
282,282,287,Stedum,NLSDM,53.326294,6.687291,9921,1.0,0.0,0.0,0.0,2.0,2.0,0.0,2.0,1.01,0
283,283,288,Sliedrecht,NLSDT,51.829725,4.778135,3364,7.0,5.0,12.0,4.0,8.0,19.0,18.0,9.0,0.26,7
284,284,289,Schagen,NLSGN,52.784748,4.805381,1741,4.0,6.0,30.0,9.0,4.0,27.0,35.0,5.0,11.765,2
285,285,290,Schiphol Airport,NLSHL,52.308787,4.761487000000001,1118,8.0,5.0,72.0,21.0,9.0,81.0,104.0,133.0,0.03,50
286,286,291,Swalmen,NLSMN,51.235601,6.03213,6071,4.0,1.0,10.0,4.0,4.0,5.0,5.0,4.0,8.64,1
287,287,292,Sneek,NLSNK,53.032472999999996,5.651428,8601,6.0,6.0,30.0,15.0,7.0,44.0,57.0,5.0,3.005,2
288,288,293,Schinnen,NLSNN,50.939056,5.874639,6365,0.0,1.0,5.0,4.0,8.0,8.0,3.0,4.0,2.8,2
289,289,294,Sneek Noord,NLSNO,53.040239,5.662808,8603,4.0,6.0,28.0,17.0,10.0,21.0,49.0,6.0,4.475,0
290,290,295,Schin op Geul,NLSOG,50.856256,5.871933,6305,1.0,0.0,5.0,4.0,4.0,6.0,4.0,4.0,1.515,2
291,291,296,Soest,NLSOT,52.172816,5.310125,3764,6.0,5.0,13.0,5.0,2.0,5.0,13.0,3.0,5.2,7
292,292,297,Soest Zuid,NLSOZ,52.165364000000004,5.303015,3765,3.0,3.0,12.0,5.0,2.0,15.0,15.0,5.0,5.075,2
293,293,299,Sappemeer Oost,NLSPO,53.158995999999995,6.794577,9611,4.0,2.0,4.0,4.0,4.0,5.0,6.0,3.0,8.015,2
294,294,300,Santpoort Zuid,NLSPZ,52.419714,4.6312690000000005,2082,7.0,3.0,4.0,2.0,6.0,4.0,2.0,3.0,3.21,2
295,295,301,Sassenheim,NLSSH,52.214751,4.515731,2171,1.0,3.0,5.0,4.0,9.0,17.0,6.0,5.0,9.88,2
296,296,302,Sittard,NLSTD,51.001603,5.858512,6131,5.0,9.0,40.0,13.0,10.0,40.0,80.0,11.0,4.32,10
297,297,304,Stavoren,NLSVR,52.88669399999999,5.360087,8715,0.0,0.0,6.0,4.0,3.0,1.0,4.0,5.0,0.94,6
298,298,305,Sauwerd,NLSWD,53.291578,6.540407,9771,0.0,1.0,0.0,0.0,2.0,4.0,2.0,4.0,1.14,0
299,299,306,Steenwijk,NLSWK,52.791157,6.116395,8331,4.0,7.0,11.0,6.0,6.0,17.0,23.0,7.0,10.55,3
300,300,307,Tilburg,NLTBG,51.560606,5.083786,5038,33.0,12.0,94.0,45.0,26.0,67.0,103.0,16.0,12.84,16
301,301,308,Terborg,NLTBO,51.922449,6.3646139999999995,7061,2.0,0.0,4.0,3.0,6.0,7.0,4.0,6.0,4.615,2
302,302,309,Tilburg Universiteit,NLTBW,51.565064,5.051389,5042,5.0,39.0,15.0,4.0,9.0,28.0,23.0,9.0,12.2,4
303,303,310,Tegelen,NLTGL,51.339363,6.14356,5932,7.0,2.0,9.0,7.0,4.0,9.0,12.0,1.0,5.63,3
304,304,311,Tiel,NLTIL,51.889782000000004,5.423039,4001,2.0,2.0,13.0,7.0,6.0,24.0,32.0,6.0,10.485,5
305,305,312,Tiel Passewaaij,NLTIP,51.873934000000006,5.39217,4006,0.0,0.0,4.0,0.0,19.0,5.0,8.0,4.0,3.745,1
306,306,313,Tilburg Reeshof,NLTRH,51.573603999999996,4.994325,5036,5.0,6.0,7.0,4.0,7.0,13.0,26.0,4.0,7.315,7
307,307,314,Twello,NLTWE,52.238455,6.100708999999999,7391,2.0,7.0,11.0,4.0,3.0,11.0,19.0,6.0,12.215,7
308,308,316,Uithuizermeeden,NLUHM,53.41389399999999,6.720263,9982,2.0,0.0,4.0,3.0,4.0,6.0,6.0,5.0,3.21,0
309,309,317,Uithuizen,NLUHZ,53.409687,6.674301,9981,1.0,2.0,4.0,4.0,4.0,5.0,11.0,3.0,5.62,4
310,310,318,Usquert,NLUQT,53.401030000000006,6.608967999999999,9988,0.0,0.0,2.0,0.0,1.0,5.0,2.0,2.0,1.48,0
311,311,319,Utrecht Centraal,NLUTC,52.089396,5.109864,3511,50.0,35.0,136.0,78.0,49.0,113.0,164.0,76.0,8.765,62
312,312,321,Utrecht Overvecht,NLUTO,52.110044,5.125559,3571,3.0,6.0,19.0,5.0,8.0,31.0,30.0,15.0,9.745,8
313,313,322,Utrecht Terwijde,NLUTT,52.100588,5.04106,3543,12.0,4.0,6.0,4.0,16.0,29.0,19.0,3.0,8.295,3
314,314,323,Utrecht Zuilen,NLUTZ,52.103285,5.089395,3551,5.0,2.0,27.0,4.0,18.0,38.0,28.0,13.0,7.02,2
315,315,324,Utrecht Vaartsche Rijn,NLUVR,52.078888,5.121676,3521,16.0,16.0,52.0,15.0,28.0,54.0,63.0,20.0,5.585,9
316,316,325,Voorburg,NLVBU,52.066725,4.358896,2271,3.0,1.0,42.0,8.0,15.0,56.0,32.0,14.0,7.005,10
317,317,326,Veendam,NLVDM,53.105447,6.886959,9641,8.0,5.0,14.0,5.0,1.0,7.0,29.0,5.0,5.515,3
318,318,327,Vorden,NLVDN,52.107123,6.318409,7251,2.0,1.0,5.0,5.0,3.0,1.0,7.0,4.0,7.35,3
319,319,328,Velp,NLVEP,51.994749,5.980325,6883,9.0,7.0,21.0,7.0,6.0,22.0,29.0,6.0,4.035,1
320,320,329,Vroomshoop,NLVHP,52.457423999999996,6.569675999999999,7681,1.0,4.0,6.0,2.0,12.0,5.0,13.0,3.0,8.745,0
321,321,330,Voorhout,NLVHT,52.224702,4.484277,2215,4.0,9.0,10.0,5.0,5.0,14.0,8.0,5.0,15.24,2
322,322,332,Vierlingsbeek,NLVLB,51.592040999999995,5.997351,5821,1.0,0.0,5.0,0.0,5.0,3.0,4.0,4.0,2.665,2
323,323,333,Venlo,NLVLO,51.364407,6.17184,5913,9.0,6.0,39.0,19.0,17.0,40.0,78.0,13.0,9.65,8
324,324,334,Veenendaal Centrum,NLVNC,52.019757,5.549158,3901,3.0,6.0,18.0,7.0,9.0,31.0,58.0,8.0,9.06,8
325,325,335,Veenendaal-de Klomp,NLVNK,52.045691,5.57448,6745,4.0,2.0,2.0,1.0,3.0,12.0,3.0,6.0,0.465,4
326,326,336,Veenendaal West,NLVNW,52.028189000000005,5.531395,3906,3.0,6.0,4.0,3.0,9.0,6.0,13.0,3.0,7.465,13
327,327,337,Voorst-Empe,NLVOM,52.157633000000004,6.143587,7399,0.0,1.0,1.0,1.0,2.0,0.0,3.0,1.0,0.67,0
328,328,338,Voerendaal,NLVRD,50.886819,5.929428,6367,0.0,2.0,6.0,6.0,4.0,11.0,5.0,1.0,8.36,0
329,329,339,Venray,NLVRY,51.526438,6.014556,5807,0.0,1.0,4.0,5.0,6.0,10.0,10.0,5.0,2.305,1
330,330,340,Vlissingen,NLVSG,51.444410999999995,3.5955410000000003,4382,0.0,17.0,6.0,2.0,5.0,13.0,5.0,10.0,7.975,5
331,331,341,Vlissingen Souburg,NLVSS,51.464439,3.59493,4388,4.0,6.0,12.0,8.0,4.0,18.0,14.0,4.0,10.31,5
332,332,342,Voorschoten,NLVST,52.125721999999996,4.4330300000000005,2252,3.0,3.0,8.0,3.0,4.0,12.0,8.0,3.0,5.015,3
333,333,343,Varsseveld,NLVSV,51.937191,6.458291,7051,3.0,6.0,6.0,4.0,10.0,8.0,7.0,4.0,6.02,1
334,334,344,Vleuten,NLVTN,52.103159000000005,5.007477,3451,8.0,3.0,14.0,6.0,6.0,22.0,10.0,5.0,10.115,0
335,335,345,Vught,NLVUT,51.655631,5.29194,5262,10.0,3.0,19.0,4.0,6.0,26.0,13.0,4.0,13.4,2
336,336,346,Feanwalden,NLVWD,53.235215000000004,5.990321,9269,0.0,1.0,3.0,1.0,6.0,3.0,7.0,4.0,3.585,2
337,337,347,Vriezenveen,NLVZV,52.402032,6.600401,7671,0.0,0.0,4.0,2.0,3.0,3.0,6.0,2.0,11.43,3
338,338,348,Wijchen,NLWCN,51.811486,5.7303440000000005,6602,4.0,2.0,23.0,6.0,7.0,24.0,28.0,5.0,6.19,3
339,339,349,Woerden,NLWDN,52.085153000000005,4.893511,3446,4.0,2.0,44.0,9.0,12.0,50.0,53.0,14.0,8.46,3
340,340,351,Waddinxveen,NLWDV,52.044252,4.649832,2741,5.0,3.0,16.0,5.0,9.0,18.0,25.0,5.0,10.41,2
341,341,352,Wehl,NLWEL,51.957156,6.213326,7031,0.0,0.0,5.0,5.0,4.0,1.0,7.0,3.0,6.905,0
342,342,353,Weesp,NLWEP,52.312391999999996,5.043532,1382,5.0,10.0,28.0,6.0,9.0,25.0,30.0,7.0,9.535,7
343,343,354,Weert,NLWET,51.248796999999996,5.704914,6001,7.0,4.0,54.0,17.0,9.0,27.0,66.0,6.0,6.89,13
344,344,355,Warffum,NLWFM,53.390117000000004,6.5668169999999995,9989,3.0,3.0,3.0,1.0,4.0,6.0,5.0,1.0,2.275,0
345,345,356,Wijhe,NLWHE,52.390346,6.1403870000000005,8131,7.0,1.0,5.0,4.0,4.0,6.0,4.0,7.0,7.765,0
346,346,357,Wolfheze,NLWHZ,52.005383,5.7933580000000005,6874,0.0,0.0,4.0,1.0,7.0,5.0,3.0,1.0,1.705,4
347,347,358,Wierden,NLWID,52.361437,6.591933,7641,4.0,5.0,10.0,4.0,5.0,8.0,16.0,5.0,8.495,8
348,348,359,Workum,NLWKM,52.971759,5.456218,8711,1.0,1.0,0.0,1.0,2.0,1.0,6.0,6.0,4.335,0
349,349,360,Wormerveer,NLWMV,52.489048,4.793093,1521,9.0,4.0,10.0,9.0,3.0,10.0,19.0,9.0,10.765,10
350,350,361,Winsum,NLWSM,53.330078,6.520334,9951,3.0,2.0,5.0,6.0,6.0,8.0,10.0,5.0,7.58,3
351,351,362,Winschoten,NLWST,53.139237,7.034886,9671,4.0,6.0,24.0,4.0,3.0,19.0,41.0,5.0,4.06,2
352,352,363,Westervoort,NLWTV,51.963044000000004,5.969277,6931,2.0,4.0,6.0,1.0,6.0,7.0,9.0,6.0,7.315,12
353,353,364,Winterswijk,NLWTW,51.967655,6.7154,7101,4.0,4.0,23.0,7.0,4.0,19.0,54.0,5.0,12.11,3
354,354,365,Wolvega,NLWVG,52.88033000000001,6.004452,8471,4.0,3.0,5.0,5.0,3.0,10.0,23.0,2.0,11.41,2
355,355,366,Waddinxveen Noord,NLWVN,52.055048,4.648429,2742,1.0,3.0,5.0,3.0,2.0,12.0,17.0,1.0,7.885,2
356,356,367,Winterswijk West,NLWWW,51.974406,6.704505,7102,10.0,3.0,6.0,3.0,5.0,18.0,25.0,2.0,3.73,5
357,357,368,Wezep,NLWZP,52.454062,6.002582,8091,1.0,1.0,4.0,3.0,4.0,9.0,7.0,1.0,11.95,3
358,358,369,Zuidbroek,NLZBK,53.159328,6.866867999999999,9636,1.0,1.0,4.0,1.0,4.0,3.0,7.0,4.0,3.755,0
359,359,370,Zaltbommel,NLZBM,51.807827,5.263274,5301,5.0,4.0,6.0,4.0,4.0,16.0,7.0,3.0,10.285,3
360,360,371,Zaandam Kogerveld,NLZDK,52.456875,4.819413,1508,12.0,4.0,13.0,4.0,19.0,27.0,22.0,4.0,4.585,5
361,361,372,Zaandam,NLZDM,52.437998,4.813705000000001,1506,14.0,5.0,39.0,10.0,11.0,37.0,89.0,18.0,12.175,13
362,362,373,Zwijndrecht (NL),NLZDT,51.815162,4.6412379999999995,3331,11.0,13.0,19.0,6.0,9.0,26.0,18.0,6.0,10.88,8
363,363,374,Zuidhorn,NLZHN,53.248151,6.406630000000001,9801,2.0,5.0,6.0,2.0,3.0,4.0,9.0,4.0,7.08,6
364,364,375,Zwolle,NLZLE,52.505624,6.089904,8011,5.0,24.0,73.0,35.0,23.0,68.0,75.0,27.0,6.66,11
365,365,376,Zutphen,NLZPN,52.144833,6.194143,7201,4.0,3.0,30.0,9.0,8.0,30.0,56.0,9.0,5.485,12
366,366,377,Zetten-Andelst,NLZTA,51.919761,5.720851000000001,6671,3.0,1.0,4.0,0.0,3.0,4.0,8.0,3.0,5.145,5
367,367,378,Zoetermeer,NLZTM,52.04801,4.476780000000001,2719,4.0,3.0,13.0,4.0,8.0,61.0,28.0,16.0,12.1,1
368,368,379,Zoetermeer Oost,NLZTO,52.046347,4.492744999999999,2718,0.0,5.0,13.0,5.0,9.0,45.0,15.0,10.0,9.275,0
369,369,380,Zevenbergen,NLZVB,51.640951,4.609686,4761,10.0,2.0,11.0,5.0,9.0,14.0,12.0,6.0,13.365,4
370,370,381,Zevenaar,NLZVN,51.922853,6.072662,6905,7.0,3.0,8.0,5.0,2.0,10.0,22.0,4.0,2.935,3
371,371,382,Zandvoort aan Zee,NLZVZ,52.375406,4.53281,2041,4.0,4.0,29.0,21.0,18.0,12.0,17.0,23.0,7.58,9
372,372,383,De Westereen,NLZWE,53.248304000000005,6.035609,9271,1.0,0.0,3.0,2.0,6.0,5.0,14.0,2.0,5.12,0
